Ligand,Best_Run,Best_Affinity_kcal_mol,Mean_Affinity_kcal_mol,SD_Affinity,N_Success
ALLLHRC,run_1,-9.288,-9.184,0.109,3
FCLHLQLR,run_1,-9.27,-8.958,0.479,3
FLLHTTR,run_1,-9.597,-8.768,1.411,3
HLLTLKKHV,run_1,-8.884,-8.690,0.196,3
HLPLLHRCC,run_2,-8.352,-8.283,0.071,3
HVLLLRQCA,run_2,-8.251,-8.073,0.160,3
LLHLPKRTT,run_3,-9.006,-8.886,0.161,3
LLHPLRC,run_2,-8.908,-8.781,0.110,3
LLHPLRL,run_1,-8.942,-8.910,0.046,3
WLLVHLKK,run_3,-8.941,-8.639,0.263,3
YHHLLCRR,run_2,-9.028,-8.617,0.430,3
YLSLLQR,run_3,-9.494,-9.437,0.085,3
